"month","Day","Rise","Set"
"April","1","7:34","2023"
"April","2","7:32","2024"
"April","3","7:30","2025"
"April","4","7:28","2027"
"April","5","7:26","2028"
"April","6","7:24","2030"
"April","7","7:22","2031"
"April","8","7:20","2032"
"April","9","7:18","2034"
"April","10","7:16","2035"
"April","11","7:14","2036"
"April","12","7:12","2038"
"April","13","7:11","2039"
"April","14","7:09","2040"
"April","15","7:07","2042"
"April","16","7:05","2043"
"April","17","7:03","2045"
"April","18","7:01","2046"
"April","19","7:00","2047"
"April","20","6:58","2049"
"April","21","6:56","2050"
"April","22","6:54","2051"
"April","23","6:53","2053"
"April","24","6:51","2054"
"April","25","6:49","2055"
"April","26","6:47","2057"
"April","27","6:46","2058"
"April","28","6:44","2059"
"April","29","6:42","2101"
"April","30","6:41","2102"
"May","1","6:39","2103"
"May","2","6:38","2105"
"May","3","6:36","2106"
"May","4","6:35","2107"
"May","5","6:33","2109"
"May","6","6:32","2110"
"May","7","6:30","2111"
"May","8","6:29","2113"
"May","9","6:27","2114"
"May","10","6:26","2115"
"May","11","6:25","2117"
"May","12","6:23","2118"
"May","13","6:22","2119"
"May","14","6:21","2120"
"May","15","6:20","2122"
"May","16","6:18","2123"
"May","17","6:17","2124"
"May","18","6:16","2125"
"May","19","6:15","2126"
"May","20","6:14","2128"
"May","21","6:13","2129"
"May","22","6:12","2130"
